{"cameraMode":{"drawMode":0,"name":"Shaded","section":"Shading Mode"},"sceneLighting":true,"audioPlay":false,"sceneViewState":{"showFog":true,"showMaterialUpdate":false,"showSkybox":true,"showFlares":true,"showImageEffects":true,"showParticleSystems":true},"in2DMode":false,"pivot":{"x":48.54896926879883,"y":17.514528274536134,"z":-33.186824798583987},"rotation":{"x":0.0929931253194809,"y":0.06272916495800019,"z":-0.005729427095502615,"w":0.993730902671814},"size":2.001199960708618,"orthographic":false}