{"cameraMode":{"drawMode":0,"name":"Shaded","section":"Shading Mode"},"sceneLighting":true,"audioPlay":false,"sceneViewState":{"showFog":true,"showMaterialUpdate":false,"showSkybox":true,"showFlares":true,"showImageEffects":true,"showParticleSystems":true},"in2DMode":false,"pivot":{"x":-37.015010833740237,"y":2.5041539669036867,"z":62.77070617675781},"rotation":{"x":-0.09293460845947266,"y":0.06920892000198364,"z":-0.00659576803445816,"w":-0.9932927489280701},"size":5.65883207321167,"orthographic":false}