{"cameraMode":{"drawMode":0,"name":"Shaded","section":"Shading Mode"},"sceneLighting":true,"audioPlay":false,"sceneViewState":{"showFog":true,"showMaterialUpdate":false,"showSkybox":true,"showFlares":true,"showImageEffects":true,"showParticleSystems":true},"in2DMode":false,"pivot":{"x":-0.5401869416236877,"y":36.08649826049805,"z":-13.542631149291993},"rotation":{"x":0.19406618177890778,"y":-0.7210325598716736,"z":0.22327208518981934,"w":0.6266775131225586},"size":2.001199960708618,"orthographic":false}